doi,flag_call_to_action
10.1097/00001648-199001000-00010,0
10.1097/00001648-199003000-00013,0
10.1097/00001648-199003000-00009,1
10.1097/00001648-199103000-00009,1
10.1097/00001648-199209000-00009,0
10.1097/00001648-199301000-00004,1
10.1097/00001648-199507000-00010,0
10.1097/00001648-199707000-00007,1
10.1097/00001648-199701000-00007,1
10.1097/00001648-199705000-00014,1
10.1097/00001648-200101000-00009,1
10.1097/00001648-200207000-00012,0
10.1097/00001648-200207000-00008,0
10.1097/00001648-200205000-00020,0
10.1097/00001648-200209000-00007,0
10.1097/00001648-200209000-00013,1
10.1097/00001648-200207000-00005,1
10.1097/01.ede.0000073161.66729.89,0
10.1097/01.ede.0000078420.82023.e3,1
10.1097/01.ede.0000134864.90563.fa,1
10.1097/01.ede.0000135170.54913.9d,1
10.1097/01.ede.0000120045.58295.86,1
10.1097/01.ede.0000120044.62029.b4,1
10.1097/01.ede.0000120046.09966.a8,1
10.1097/01.ede.0000112212.01931.81,0
10.1097/01.ede.0000103188.18059.21,1
10.1097/01.ede.0000101021.03453.3e,1
10.1097/01.ede.0000172133.46385.18,1
10.1097/01.ede.0000152912.02042.cd,1
10.1097/01.ede.0000239688.70829.63,1
10.1097/01.ede.0000229984.53726.33,0
10.1097/01.ede.0000229953.76862.e5,1
10.1097/01.ede.0000231285.86968.2b,1
10.1097/01.ede.0000220554.50837.7f,1
10.1097/01.ede.0000199439.57655.6b,0
10.1097/01.ede.0000187621.41373.0a,1
10.1097/01.ede.0000187177.96138.c6,0
10.1097/ede.0b013e3181567fc5,1
10.1097/01.ede.0000257063.77411.e9,1
10.1097/01.ede.0000249425.32990.b9,1
10.1097/ede.0b013e31816932ba,1
10.1097/ede.0b013e31815c1dbf,1
10.1097/ede.0b013e31815c480,1
10.1097/ede.0b013e3181ba468e,0
10.1097/ede.0b013e3181a39fe2,1
10.1097/ede.0b013e31819670dc,0
10.1097/ede.0b013e3181880396,0
10.1097/ede.0b013e3181f20977,0
10.1097/ede.0b013e3181e4c4d5,0
10.1097/ede.0b013e3181e9e901,1
10.1097/ede.0b013e3181d61e61,1
10.1097/ede.0b013e3182300720,1
10.1097/ede.0b013e318225c960,1
10.1097/ede.0b013e3182117747,0
10.1097/ede.0b013e3181ffa201,0
10.1097/ede.0b013e31826c2b7e,1
10.1097/ede.0b013e31826c2b9e,1
10.1097/ede.0b013e31826767c2,1
10.1097/ede.0b013e3182605843,x
10.1097/ede.0b013e31829d2632,1
10.1097/ede.0b013e3182878397,1
10.1097/ede.0b013e31826b822d,1
10.4172/2161-1165.1000122,1
10.1097/ede.0000000000000165,1
10.1097/ede.0000000000000143,0
10.1097/ede.0000000000000082,1
10.1097/ede.0b013e31828ac01b,1
10.1097/ede.0000000000000378,1
10.1097/ede.0000000000000273,1
10.1097/ede.0000000000000217,0
10.1097/ede.0000000000000220,0
10.1097/ede.0000000000000509,0
10.1097/ede.0000000000000504,0
10.1097/ede.0000000000000479,0
10.1097/ede.0000000000000394,1
10.1097/ede.0000000000000700,1
10.1097/ede.0000000000000731,1
10.1097/ede.0000000000000704,1
10.1097/ede.0000000000000641,0
10.1097/ede.0000000000000850,1
10.1097/ede.0000000000000775,0
10.1097/ede.0000000000000791,1
10.1097/ede.0000000000000867,1
10.1097/ede.0000000000000756,1
10.1097/ede.0000000000001046,1
10.1097/ede.0000000000000998,1
10.1097/ede.0000000000000975,0
10.1097/ede.0000000000000991,0
10.1097/ede.0000000000000963,0
10.1097/ede.0000000000000954,0
10.1097/ede.0000000000001218,1
10.1097/ede.0000000000001216,1
10.1097/ede.0000000000001409,0
10.1097/ede.0000000000001405,0
10.1097/ede.0000000000001402,1
10.1097/ede.0000000000001359,1
10.1097/ede.0000000000001354,0
10.1097/ede.0000000000001304,1
10.1097/ede.0000000000001314,0
10.1097/ede.0000000000001271,1
10.1097/ede.0000000000001488,0
10.1097/ede.0000000000001490,1
10.1097/ede.0000000000001460,1
10.1097/ede.0000000000001444,1
10.1097/ede.0000000000001425,0
10.1097/ede.0000000000001430,0
10.1097/ede.0000000000001670,0
10.1097/ede.0000000000001669,1
10.1097/ede.0000000000001595,0
10.1097/ede.0000000000001788,1
10.1097/ede.0000000000001771,0
10.1097/ede.0000000000001695,1
10.1097/ede.0000000000001797,0
10.1097/ede.0000000000001794,1
10.1097/ede.0000000000001671,0
